<?xml version='1.0' encoding='UTF-8'?>
<HPXML xmlns='http://hpxmlonline.com/2019/10' xmlns:xsi='http://www.w3.org/2001/XMLSchema-instance' xsi:schemaLocation='http://hpxmlonline.com/2019/10' schemaVersion='4.0'>
  <XMLTransactionHeaderInformation>
    <XMLType>HPXML</XMLType>
    <XMLGeneratedBy>BuildResidentialHPXML</XMLGeneratedBy>
    <CreatedDateAndTime>2022-10-11T18:30:23-06:00</CreatedDateAndTime>
    <Transaction>create</Transaction>
  </XMLTransactionHeaderInformation>
  <SoftwareInfo>
    <SoftwareProgramUsed>ResStock</SoftwareProgramUsed>
    <SoftwareProgramVersion>2.6.0-beta</SoftwareProgramVersion>
    <extension>
      <OccupancyCalculationType>operational</OccupancyCalculationType>
      <SimulationControl>
        <Timestep>15</Timestep>
        <BeginMonth>1</BeginMonth>
        <BeginDayOfMonth>1</BeginDayOfMonth>
        <EndMonth>12</EndMonth>
        <EndDayOfMonth>31</EndDayOfMonth>
        <CalendarYear>2007</CalendarYear>
        <DaylightSaving>
          <Enabled>true</Enabled>
          <BeginMonth dataSource='software'>3</BeginMonth>
          <BeginDayOfMonth dataSource='software'>12</BeginDayOfMonth>
          <EndMonth dataSource='software'>11</EndMonth>
          <EndDayOfMonth dataSource='software'>5</EndDayOfMonth>
        </DaylightSaving>
      </SimulationControl>
      <HVACSizingControl>
        <AllowIncreasedFixedCapacities dataSource='software'>false</AllowIncreasedFixedCapacities>
      </HVACSizingControl>
      <SchedulesFilePath>/var/simdata/openstudio/run/schedules.csv</SchedulesFilePath>
      <AdditionalProperties>
        <ceiling_insulation_r>30</ceiling_insulation_r>
      </AdditionalProperties>
      <EmissionsScenarios>
        <EmissionsScenario>
          <Name>LRMER_MidCase_15_2025start</Name>
          <EmissionsType>CO2e</EmissionsType>
          <EmissionsFactor>
            <FuelType>electricity</FuelType>
            <Units>kg/MWh</Units>
            <ScheduleFilePath>/lib/resources/data/cambium/LRMER_MidCase_15_2025start/MROWc.csv</ScheduleFilePath>
            <NumberofHeaderRows dataSource='software'>0</NumberofHeaderRows>
            <ColumnNumber dataSource='software'>1</ColumnNumber>
          </EmissionsFactor>
          <EmissionsFactor>
            <FuelType>natural gas</FuelType>
            <Units>lb/MBtu</Units>
            <Value>147.3</Value>
          </EmissionsFactor>
          <EmissionsFactor>
            <FuelType>propane</FuelType>
            <Units>lb/MBtu</Units>
            <Value>177.8</Value>
          </EmissionsFactor>
          <EmissionsFactor>
            <FuelType>fuel oil</FuelType>
            <Units>lb/MBtu</Units>
            <Value>195.9</Value>
          </EmissionsFactor>
          <EmissionsFactor>
            <FuelType>wood</FuelType>
            <Units>lb/MBtu</Units>
            <Value>200.0</Value>
          </EmissionsFactor>
        </EmissionsScenario>
        <EmissionsScenario>
          <Name>LRMER_LowRECost_15_2025start</Name>
          <EmissionsType>CO2e</EmissionsType>
          <EmissionsFactor>
            <FuelType>electricity</FuelType>
            <Units>kg/MWh</Units>
            <ScheduleFilePath>/lib/resources/data/cambium/LRMER_LowRECost_15_2025start/MROWc.csv</ScheduleFilePath>
            <NumberofHeaderRows dataSource='software'>0</NumberofHeaderRows>
            <ColumnNumber dataSource='software'>1</ColumnNumber>
          </EmissionsFactor>
          <EmissionsFactor>
            <FuelType>natural gas</FuelType>
            <Units>lb/MBtu</Units>
            <Value>147.3</Value>
          </EmissionsFactor>
          <EmissionsFactor>
            <FuelType>propane</FuelType>
            <Units>lb/MBtu</Units>
            <Value>177.8</Value>
          </EmissionsFactor>
          <EmissionsFactor>
            <FuelType>fuel oil</FuelType>
            <Units>lb/MBtu</Units>
            <Value>195.9</Value>
          </EmissionsFactor>
          <EmissionsFactor>
            <FuelType>wood</FuelType>
            <Units>lb/MBtu</Units>
            <Value>200.0</Value>
          </EmissionsFactor>
        </EmissionsScenario>
        <EmissionsScenario>
          <Name>LRMER_95DecarbBy2035_15_2025start</Name>
          <EmissionsType>CO2e</EmissionsType>
          <EmissionsFactor>
            <FuelType>electricity</FuelType>
            <Units>kg/MWh</Units>
            <ScheduleFilePath>/lib/resources/data/cambium/LRMER_95DecarbBy2035_15_2025start/MROWc.csv</ScheduleFilePath>
            <NumberofHeaderRows dataSource='software'>0</NumberofHeaderRows>
            <ColumnNumber dataSource='software'>1</ColumnNumber>
          </EmissionsFactor>
          <EmissionsFactor>
            <FuelType>natural gas</FuelType>
            <Units>lb/MBtu</Units>
            <Value>147.3</Value>
          </EmissionsFactor>
          <EmissionsFactor>
            <FuelType>propane</FuelType>
            <Units>lb/MBtu</Units>
            <Value>177.8</Value>
          </EmissionsFactor>
          <EmissionsFactor>
            <FuelType>fuel oil</FuelType>
            <Units>lb/MBtu</Units>
            <Value>195.9</Value>
          </EmissionsFactor>
          <EmissionsFactor>
            <FuelType>wood</FuelType>
            <Units>lb/MBtu</Units>
            <Value>200.0</Value>
          </EmissionsFactor>
        </EmissionsScenario>
        <EmissionsScenario>
          <Name>LRMER_LowRECost_25_2025start</Name>
          <EmissionsType>CO2e</EmissionsType>
          <EmissionsFactor>
            <FuelType>electricity</FuelType>
            <Units>kg/MWh</Units>
            <ScheduleFilePath>/lib/resources/data/cambium/LRMER_LowRECost_25_2025start/MROWc.csv</ScheduleFilePath>
            <NumberofHeaderRows dataSource='software'>0</NumberofHeaderRows>
            <ColumnNumber dataSource='software'>1</ColumnNumber>
          </EmissionsFactor>
          <EmissionsFactor>
            <FuelType>natural gas</FuelType>
            <Units>lb/MBtu</Units>
            <Value>147.3</Value>
          </EmissionsFactor>
          <EmissionsFactor>
            <FuelType>propane</FuelType>
            <Units>lb/MBtu</Units>
            <Value>177.8</Value>
          </EmissionsFactor>
          <EmissionsFactor>
            <FuelType>fuel oil</FuelType>
            <Units>lb/MBtu</Units>
            <Value>195.9</Value>
          </EmissionsFactor>
          <EmissionsFactor>
            <FuelType>wood</FuelType>
            <Units>lb/MBtu</Units>
            <Value>200.0</Value>
          </EmissionsFactor>
        </EmissionsScenario>
      </EmissionsScenarios>
    </extension>
  </SoftwareInfo>
  <Building>
    <BuildingID id='MyBuilding'/>
    <Site>
      <SiteID id='SiteID'/>
      <Address>
        <StateCode>NE</StateCode>
        <ZipCode>68355</ZipCode>
      </Address>
      <TimeZone>
        <UTCOffset>-6.0</UTCOffset>
      </TimeZone>
    </Site>
    <ProjectStatus>
      <EventType>proposed workscope</EventType>
    </ProjectStatus>
    <BuildingDetails>
      <BuildingSummary>
        <Site>
          <SiteType dataSource='software'>suburban</SiteType>
          <Surroundings>stand-alone</Surroundings>
          <VerticalSurroundings>no units above or below</VerticalSurroundings>
          <ShieldingofHome>normal</ShieldingofHome>
          <AzimuthOfFrontOfHome>270</AzimuthOfFrontOfHome>
          <extension>
            <Neighbors>
              <NeighborBuilding>
                <Orientation dataSource='software'>north</Orientation>
                <Azimuth>0</Azimuth>
                <Distance>15.0</Distance>
              </NeighborBuilding>
              <NeighborBuilding>
                <Orientation dataSource='software'>south</Orientation>
                <Azimuth>180</Azimuth>
                <Distance>15.0</Distance>
              </NeighborBuilding>
            </Neighbors>
          </extension>
        </Site>
        <BuildingOccupancy>
          <NumberofResidents>1.0</NumberofResidents>
        </BuildingOccupancy>
        <BuildingConstruction>
          <YearBuilt>1940</YearBuilt>
          <ResidentialFacilityType>single-family detached</ResidentialFacilityType>
          <NumberofConditionedFloors>1.0</NumberofConditionedFloors>
          <NumberofConditionedFloorsAboveGrade>1.0</NumberofConditionedFloorsAboveGrade>
          <AverageCeilingHeight>8.0</AverageCeilingHeight>
          <NumberofBedrooms>2</NumberofBedrooms>
          <NumberofBathrooms dataSource='software'>1</NumberofBathrooms>
          <ConditionedFloorArea>1220.0</ConditionedFloorArea>
          <ConditionedBuildingVolume>9760.0</ConditionedBuildingVolume>
          <extension>
            <HasFlueOrChimney dataSource='software'>true</HasFlueOrChimney>
          </extension>
        </BuildingConstruction>
      </BuildingSummary>
      <ClimateandRiskZones>
        <ClimateZoneIECC>
          <Year>2006</Year>
          <ClimateZone>5A</ClimateZone>
        </ClimateZoneIECC>
        <WeatherStation>
          <SystemIdentifier id='WeatherStation'/>
          <Name>G3101470</Name>
          <extension>
            <EPWFilePath>../../../weather/G3101470.epw</EPWFilePath>
          </extension>
        </WeatherStation>
      </ClimateandRiskZones>
      <Enclosure>
        <AirInfiltration>
          <AirInfiltrationMeasurement>
            <SystemIdentifier id='AirInfiltrationMeasurement1'/>
            <HousePressure>50.0</HousePressure>
            <BuildingAirLeakage>
              <UnitofMeasure>ACH</UnitofMeasure>
              <AirLeakage>25.0</AirLeakage>
            </BuildingAirLeakage>
            <InfiltrationVolume>9760.0</InfiltrationVolume>
            <InfiltrationHeight dataSource='software'>8.0</InfiltrationHeight>
          </AirInfiltrationMeasurement>
        </AirInfiltration>
        <Attics>
          <Attic>
            <SystemIdentifier id='Attic1'/>
            <AtticType>
              <Attic>
                <Vented>true</Vented>
              </Attic>
            </AtticType>
            <VentilationRate>
              <UnitofMeasure>SLA</UnitofMeasure>
              <Value dataSource='software'>0.003333</Value>
            </VentilationRate>
            <AttachedToRoof idref='Roof1'/>
            <AttachedToRoof idref='Roof2'/>
            <AttachedToRoof idref='Roof3'/>
            <AttachedToRoof idref='Roof4'/>
            <AttachedToWall idref='Wall11'/>
            <AttachedToWall idref='Wall12'/>
            <AttachedToWall idref='Wall13'/>
            <AttachedToFloor idref='Floor1'/>
            <AttachedToFloor idref='Floor3'/>
          </Attic>
        </Attics>
        <Foundations>
          <Foundation>
            <SystemIdentifier id='Foundation1'/>
            <FoundationType>
              <Basement>
                <Conditioned>false</Conditioned>
              </Basement>
            </FoundationType>
            <AttachedToRimJoist idref='RimJoist1'/>
            <AttachedToRimJoist idref='RimJoist2'/>
            <AttachedToRimJoist idref='RimJoist3'/>
            <AttachedToRimJoist idref='RimJoist6'/>
            <AttachedToFoundationWall idref='FoundationWall1'/>
            <AttachedToFloor idref='Floor2'/>
            <AttachedToSlab idref='Slab2'/>
          </Foundation>
        </Foundations>
        <Roofs>
          <Roof>
            <SystemIdentifier id='Roof1'/>
            <InteriorAdjacentTo>attic - vented</InteriorAdjacentTo>
            <Area>762.5</Area>
            <Orientation dataSource='software'>east</Orientation>
            <Azimuth>90</Azimuth>
            <RoofType>asphalt or fiberglass shingles</RoofType>
            <RoofColor>medium</RoofColor>
            <SolarAbsorptance dataSource='software'>0.85</SolarAbsorptance>
            <Emittance dataSource='software'>0.9</Emittance>
            <InteriorFinish>
              <Type dataSource='software'>none</Type>
            </InteriorFinish>
            <Pitch>6.0</Pitch>
            <RadiantBarrier>false</RadiantBarrier>
            <Insulation>
              <SystemIdentifier id='Roof1Insulation'/>
              <AssemblyEffectiveRValue>2.3</AssemblyEffectiveRValue>
            </Insulation>
          </Roof>
          <Roof>
            <SystemIdentifier id='Roof2'/>
            <InteriorAdjacentTo>attic - vented</InteriorAdjacentTo>
            <Area>100.6</Area>
            <Orientation dataSource='software'>south</Orientation>
            <Azimuth>180</Azimuth>
            <RoofType>asphalt or fiberglass shingles</RoofType>
            <RoofColor>medium</RoofColor>
            <SolarAbsorptance dataSource='software'>0.85</SolarAbsorptance>
            <Emittance dataSource='software'>0.9</Emittance>
            <InteriorFinish>
              <Type dataSource='software'>none</Type>
            </InteriorFinish>
            <Pitch>6.0</Pitch>
            <RadiantBarrier>false</RadiantBarrier>
            <Insulation>
              <SystemIdentifier id='Roof2Insulation'/>
              <AssemblyEffectiveRValue>2.3</AssemblyEffectiveRValue>
            </Insulation>
          </Roof>
          <Roof>
            <SystemIdentifier id='Roof3'/>
            <InteriorAdjacentTo>attic - vented</InteriorAdjacentTo>
            <Area>100.6</Area>
            <Orientation dataSource='software'>north</Orientation>
            <Azimuth>0</Azimuth>
            <RoofType>asphalt or fiberglass shingles</RoofType>
            <RoofColor>medium</RoofColor>
            <SolarAbsorptance dataSource='software'>0.85</SolarAbsorptance>
            <Emittance dataSource='software'>0.9</Emittance>
            <InteriorFinish>
              <Type dataSource='software'>none</Type>
            </InteriorFinish>
            <Pitch>6.0</Pitch>
            <RadiantBarrier>false</RadiantBarrier>
            <Insulation>
              <SystemIdentifier id='Roof3Insulation'/>
              <AssemblyEffectiveRValue>2.3</AssemblyEffectiveRValue>
            </Insulation>
          </Roof>
          <Roof>
            <SystemIdentifier id='Roof4'/>
            <InteriorAdjacentTo>attic - vented</InteriorAdjacentTo>
            <Area>722.3</Area>
            <Orientation dataSource='software'>west</Orientation>
            <Azimuth>270</Azimuth>
            <RoofType>asphalt or fiberglass shingles</RoofType>
            <RoofColor>medium</RoofColor>
            <SolarAbsorptance dataSource='software'>0.85</SolarAbsorptance>
            <Emittance dataSource='software'>0.9</Emittance>
            <InteriorFinish>
              <Type dataSource='software'>none</Type>
            </InteriorFinish>
            <Pitch>6.0</Pitch>
            <RadiantBarrier>false</RadiantBarrier>
            <Insulation>
              <SystemIdentifier id='Roof4Insulation'/>
              <AssemblyEffectiveRValue>2.3</AssemblyEffectiveRValue>
            </Insulation>
          </Roof>
        </Roofs>
        <RimJoists>
          <RimJoist>
            <SystemIdentifier id='RimJoist1'/>
            <ExteriorAdjacentTo>outside</ExteriorAdjacentTo>
            <InteriorAdjacentTo>basement - unconditioned</InteriorAdjacentTo>
            <Area>38.2</Area>
            <Orientation dataSource='software'>east</Orientation>
            <Azimuth>90</Azimuth>
            <Siding>wood siding</Siding>
            <Color>medium dark</Color>
            <SolarAbsorptance dataSource='software'>0.85</SolarAbsorptance>
            <Emittance dataSource='software'>0.9</Emittance>
            <Insulation>
              <SystemIdentifier id='RimJoist1Insulation'/>
              <AssemblyEffectiveRValue>3.9</AssemblyEffectiveRValue>
            </Insulation>
          </RimJoist>
          <RimJoist>
            <SystemIdentifier id='RimJoist2'/>
            <ExteriorAdjacentTo>outside</ExteriorAdjacentTo>
            <InteriorAdjacentTo>basement - unconditioned</InteriorAdjacentTo>
            <Area>21.2</Area>
            <Orientation dataSource='software'>south</Orientation>
            <Azimuth>180</Azimuth>
            <Siding>wood siding</Siding>
            <Color>medium dark</Color>
            <SolarAbsorptance dataSource='software'>0.85</SolarAbsorptance>
            <Emittance dataSource='software'>0.9</Emittance>
            <Insulation>
              <SystemIdentifier id='RimJoist2Insulation'/>
              <AssemblyEffectiveRValue>3.9</AssemblyEffectiveRValue>
            </Insulation>
          </RimJoist>
          <RimJoist>
            <SystemIdentifier id='RimJoist3'/>
            <ExteriorAdjacentTo>outside</ExteriorAdjacentTo>
            <InteriorAdjacentTo>basement - unconditioned</InteriorAdjacentTo>
            <Area>38.2</Area>
            <Orientation dataSource='software'>west</Orientation>
            <Azimuth>270</Azimuth>
            <Siding>wood siding</Siding>
            <Color>medium dark</Color>
            <SolarAbsorptance dataSource='software'>0.85</SolarAbsorptance>
            <Emittance dataSource='software'>0.9</Emittance>
            <Insulation>
              <SystemIdentifier id='RimJoist3Insulation'/>
              <AssemblyEffectiveRValue>3.9</AssemblyEffectiveRValue>
            </Insulation>
          </RimJoist>
          <RimJoist>
            <SystemIdentifier id='RimJoist6'/>
            <ExteriorAdjacentTo>outside</ExteriorAdjacentTo>
            <InteriorAdjacentTo>basement - unconditioned</InteriorAdjacentTo>
            <Area>21.2</Area>
            <Orientation dataSource='software'>north</Orientation>
            <Azimuth>0</Azimuth>
            <Siding>wood siding</Siding>
            <Color>medium dark</Color>
            <SolarAbsorptance dataSource='software'>0.85</SolarAbsorptance>
            <Emittance dataSource='software'>0.9</Emittance>
            <Insulation>
              <SystemIdentifier id='RimJoist6Insulation'/>
              <AssemblyEffectiveRValue>3.9</AssemblyEffectiveRValue>
            </Insulation>
          </RimJoist>
        </RimJoists>
        <Walls>
          <Wall>
            <SystemIdentifier id='Wall1'/>
            <ExteriorAdjacentTo>outside</ExteriorAdjacentTo>
            <InteriorAdjacentTo>garage</InteriorAdjacentTo>
            <WallType>
              <WoodStud/>
            </WallType>
            <Area>192.0</Area>
            <Orientation dataSource='software'>south</Orientation>
            <Azimuth>180</Azimuth>
            <Siding>wood siding</Siding>
            <Color>medium dark</Color>
            <SolarAbsorptance dataSource='software'>0.85</SolarAbsorptance>
            <Emittance dataSource='software'>0.9</Emittance>
            <InteriorFinish>
              <Type dataSource='software'>none</Type>
            </InteriorFinish>
            <Insulation>
              <SystemIdentifier id='Wall1Insulation'/>
              <AssemblyEffectiveRValue>4.0</AssemblyEffectiveRValue>
            </Insulation>
          </Wall>
          <Wall>
            <SystemIdentifier id='Wall2'/>
            <ExteriorAdjacentTo>outside</ExteriorAdjacentTo>
            <InteriorAdjacentTo>garage</InteriorAdjacentTo>
            <WallType>
              <WoodStud/>
            </WallType>
            <Area>96.0</Area>
            <Orientation dataSource='software'>west</Orientation>
            <Azimuth>270</Azimuth>
            <Siding>wood siding</Siding>
            <Color>medium dark</Color>
            <SolarAbsorptance dataSource='software'>0.85</SolarAbsorptance>
            <Emittance dataSource='software'>0.9</Emittance>
            <InteriorFinish>
              <Type dataSource='software'>none</Type>
            </InteriorFinish>
            <Insulation>
              <SystemIdentifier id='Wall2Insulation'/>
              <AssemblyEffectiveRValue>4.0</AssemblyEffectiveRValue>
            </Insulation>
          </Wall>
          <Wall>
            <SystemIdentifier id='Wall3'/>
            <ExteriorAdjacentTo>outside</ExteriorAdjacentTo>
            <InteriorAdjacentTo>living space</InteriorAdjacentTo>
            <WallType>
              <WoodStud/>
            </WallType>
            <Area>396.4</Area>
            <Orientation dataSource='software'>east</Orientation>
            <Azimuth>90</Azimuth>
            <Siding>wood siding</Siding>
            <Color>medium dark</Color>
            <SolarAbsorptance dataSource='software'>0.85</SolarAbsorptance>
            <Emittance dataSource='software'>0.9</Emittance>
            <InteriorFinish>
              <Type dataSource='software'>gypsum board</Type>
              <Thickness dataSource='software'>0.5</Thickness>
            </InteriorFinish>
            <Insulation>
              <SystemIdentifier id='Wall3Insulation'/>
              <AssemblyEffectiveRValue>4.8</AssemblyEffectiveRValue>
            </Insulation>
          </Wall>
          <Wall>
            <SystemIdentifier id='Wall4'/>
            <ExteriorAdjacentTo>outside</ExteriorAdjacentTo>
            <InteriorAdjacentTo>living space</InteriorAdjacentTo>
            <WallType>
              <WoodStud/>
            </WallType>
            <Area>124.2</Area>
            <Orientation dataSource='software'>south</Orientation>
            <Azimuth>180</Azimuth>
            <Siding>wood siding</Siding>
            <Color>medium dark</Color>
            <SolarAbsorptance dataSource='software'>0.85</SolarAbsorptance>
            <Emittance dataSource='software'>0.9</Emittance>
            <InteriorFinish>
              <Type dataSource='software'>gypsum board</Type>
              <Thickness dataSource='software'>0.5</Thickness>
            </InteriorFinish>
            <Insulation>
              <SystemIdentifier id='Wall4Insulation'/>
              <AssemblyEffectiveRValue>4.8</AssemblyEffectiveRValue>
            </Insulation>
          </Wall>
          <Wall>
            <SystemIdentifier id='Wall5'/>
            <ExteriorAdjacentTo>garage</ExteriorAdjacentTo>
            <InteriorAdjacentTo>living space</InteriorAdjacentTo>
            <WallType>
              <WoodStud/>
            </WallType>
            <Area>96.0</Area>
            <Orientation dataSource='software'>west</Orientation>
            <Azimuth>270</Azimuth>
            <Color>medium dark</Color>
            <InteriorFinish>
              <Type dataSource='software'>gypsum board</Type>
              <Thickness dataSource='software'>0.5</Thickness>
            </InteriorFinish>
            <Insulation>
              <SystemIdentifier id='Wall5Insulation'/>
              <AssemblyEffectiveRValue>4.8</AssemblyEffectiveRValue>
            </Insulation>
          </Wall>
          <Wall>
            <SystemIdentifier id='Wall6'/>
            <ExteriorAdjacentTo>garage</ExteriorAdjacentTo>
            <InteriorAdjacentTo>living space</InteriorAdjacentTo>
            <WallType>
              <WoodStud/>
            </WallType>
            <Area>96.0</Area>
            <Orientation dataSource='software'>south</Orientation>
            <Azimuth>180</Azimuth>
            <Color>medium dark</Color>
            <InteriorFinish>
              <Type dataSource='software'>gypsum board</Type>
              <Thickness dataSource='software'>0.5</Thickness>
            </InteriorFinish>
            <Insulation>
              <SystemIdentifier id='Wall6Insulation'/>
              <AssemblyEffectiveRValue>4.8</AssemblyEffectiveRValue>
            </Insulation>
          </Wall>
          <Wall>
            <SystemIdentifier id='Wall7'/>
            <ExteriorAdjacentTo>outside</ExteriorAdjacentTo>
            <InteriorAdjacentTo>living space</InteriorAdjacentTo>
            <WallType>
              <WoodStud/>
            </WallType>
            <Area>300.4</Area>
            <Orientation dataSource='software'>west</Orientation>
            <Azimuth>270</Azimuth>
            <Siding>wood siding</Siding>
            <Color>medium dark</Color>
            <SolarAbsorptance dataSource='software'>0.85</SolarAbsorptance>
            <Emittance dataSource='software'>0.9</Emittance>
            <InteriorFinish>
              <Type dataSource='software'>gypsum board</Type>
              <Thickness dataSource='software'>0.5</Thickness>
            </InteriorFinish>
            <Insulation>
              <SystemIdentifier id='Wall7Insulation'/>
              <AssemblyEffectiveRValue>4.8</AssemblyEffectiveRValue>
            </Insulation>
          </Wall>
          <Wall>
            <SystemIdentifier id='Wall10'/>
            <ExteriorAdjacentTo>outside</ExteriorAdjacentTo>
            <InteriorAdjacentTo>living space</InteriorAdjacentTo>
            <WallType>
              <WoodStud/>
            </WallType>
            <Area>220.2</Area>
            <Orientation dataSource='software'>north</Orientation>
            <Azimuth>0</Azimuth>
            <Siding>wood siding</Siding>
            <Color>medium dark</Color>
            <SolarAbsorptance dataSource='software'>0.85</SolarAbsorptance>
            <Emittance dataSource='software'>0.9</Emittance>
            <InteriorFinish>
              <Type dataSource='software'>gypsum board</Type>
              <Thickness dataSource='software'>0.5</Thickness>
            </InteriorFinish>
            <Insulation>
              <SystemIdentifier id='Wall10Insulation'/>
              <AssemblyEffectiveRValue>4.8</AssemblyEffectiveRValue>
            </Insulation>
          </Wall>
          <Wall>
            <SystemIdentifier id='Wall11'/>
            <ExteriorAdjacentTo>outside</ExteriorAdjacentTo>
            <InteriorAdjacentTo>attic - vented</InteriorAdjacentTo>
            <AtticWallType>gable</AtticWallType>
            <WallType>
              <WoodStud/>
            </WallType>
            <Area>94.7</Area>
            <Orientation dataSource='software'>south</Orientation>
            <Azimuth>180</Azimuth>
            <Siding>wood siding</Siding>
            <Color>medium dark</Color>
            <SolarAbsorptance dataSource='software'>0.85</SolarAbsorptance>
            <Emittance dataSource='software'>0.9</Emittance>
            <InteriorFinish>
              <Type dataSource='software'>none</Type>
            </InteriorFinish>
            <Insulation>
              <SystemIdentifier id='Wall11Insulation'/>
              <AssemblyEffectiveRValue>4.0</AssemblyEffectiveRValue>
            </Insulation>
          </Wall>
          <Wall>
            <SystemIdentifier id='Wall12'/>
            <ExteriorAdjacentTo>outside</ExteriorAdjacentTo>
            <InteriorAdjacentTo>attic - vented</InteriorAdjacentTo>
            <AtticWallType>gable</AtticWallType>
            <WallType>
              <WoodStud/>
            </WallType>
            <Area>94.7</Area>
            <Orientation dataSource='software'>north</Orientation>
            <Azimuth>0</Azimuth>
            <Siding>wood siding</Siding>
            <Color>medium dark</Color>
            <SolarAbsorptance dataSource='software'>0.85</SolarAbsorptance>
            <Emittance dataSource='software'>0.9</Emittance>
            <InteriorFinish>
              <Type dataSource='software'>none</Type>
            </InteriorFinish>
            <Insulation>
              <SystemIdentifier id='Wall12Insulation'/>
              <AssemblyEffectiveRValue>4.0</AssemblyEffectiveRValue>
            </Insulation>
          </Wall>
          <Wall>
            <SystemIdentifier id='Wall13'/>
            <ExteriorAdjacentTo>outside</ExteriorAdjacentTo>
            <InteriorAdjacentTo>attic - vented</InteriorAdjacentTo>
            <AtticWallType>gable</AtticWallType>
            <WallType>
              <WoodStud/>
            </WallType>
            <Area>18.0</Area>
            <Orientation dataSource='software'>west</Orientation>
            <Azimuth>270</Azimuth>
            <Siding>wood siding</Siding>
            <Color>medium dark</Color>
            <SolarAbsorptance dataSource='software'>0.85</SolarAbsorptance>
            <Emittance dataSource='software'>0.9</Emittance>
            <InteriorFinish>
              <Type dataSource='software'>none</Type>
            </InteriorFinish>
            <Insulation>
              <SystemIdentifier id='Wall13Insulation'/>
              <AssemblyEffectiveRValue>4.0</AssemblyEffectiveRValue>
            </Insulation>
          </Wall>
          <Wall>
            <SystemIdentifier id='Wall14'/>
            <ExteriorAdjacentTo>outside</ExteriorAdjacentTo>
            <InteriorAdjacentTo>garage</InteriorAdjacentTo>
            <WallType>
              <WoodStud/>
            </WallType>
            <Area>96.0</Area>
            <Orientation dataSource='software'>north</Orientation>
            <Azimuth>0</Azimuth>
            <Siding>wood siding</Siding>
            <Color>medium dark</Color>
            <SolarAbsorptance dataSource='software'>0.85</SolarAbsorptance>
            <Emittance dataSource='software'>0.9</Emittance>
            <InteriorFinish>
              <Type dataSource='software'>none</Type>
            </InteriorFinish>
            <Insulation>
              <SystemIdentifier id='Wall14Insulation'/>
              <AssemblyEffectiveRValue>4.0</AssemblyEffectiveRValue>
            </Insulation>
          </Wall>
        </Walls>
        <FoundationWalls>
          <FoundationWall>
            <SystemIdentifier id='FoundationWall1'/>
            <ExteriorAdjacentTo>ground</ExteriorAdjacentTo>
            <InteriorAdjacentTo>basement - unconditioned</InteriorAdjacentTo>
            <Type>solid concrete</Type>
            <Height>8.0</Height>
            <Area>1233.2</Area>
            <Orientation dataSource='software'>east</Orientation>
            <Azimuth>90</Azimuth>
            <Thickness dataSource='software'>8.0</Thickness>
            <DepthBelowGrade>7.0</DepthBelowGrade>
            <InteriorFinish>
              <Type dataSource='software'>none</Type>
            </InteriorFinish>
            <Insulation>
              <SystemIdentifier id='FoundationWall1Insulation'/>
              <Layer>
                <InstallationType>continuous - exterior</InstallationType>
                <NominalRValue>0.0</NominalRValue>
                <DistanceToTopOfInsulation dataSource='software'>0.0</DistanceToTopOfInsulation>
                <DistanceToBottomOfInsulation dataSource='software'>8.0</DistanceToBottomOfInsulation>
              </Layer>
              <Layer>
                <InstallationType>continuous - interior</InstallationType>
                <NominalRValue>0.0</NominalRValue>
                <DistanceToTopOfInsulation dataSource='software'>0.0</DistanceToTopOfInsulation>
                <DistanceToBottomOfInsulation dataSource='software'>8.0</DistanceToBottomOfInsulation>
              </Layer>
            </Insulation>
          </FoundationWall>
        </FoundationWalls>
        <Floors>
          <Floor>
            <SystemIdentifier id='Floor1'/>
            <ExteriorAdjacentTo>attic - vented</ExteriorAdjacentTo>
            <InteriorAdjacentTo>garage</InteriorAdjacentTo>
            <Area>288.0</Area>
            <InteriorFinish>
              <Type dataSource='software'>none</Type>
            </InteriorFinish>
            <Insulation>
              <SystemIdentifier id='Floor1Insulation'/>
              <AssemblyEffectiveRValue>2.1</AssemblyEffectiveRValue>
            </Insulation>
          </Floor>
          <Floor>
            <SystemIdentifier id='Floor2'/>
            <ExteriorAdjacentTo>basement - unconditioned</ExteriorAdjacentTo>
            <InteriorAdjacentTo>living space</InteriorAdjacentTo>
            <Area>1220.0</Area>
            <InteriorFinish>
              <Type dataSource='software'>none</Type>
            </InteriorFinish>
            <Insulation>
              <SystemIdentifier id='Floor2Insulation'/>
              <AssemblyEffectiveRValue>5.3</AssemblyEffectiveRValue>
            </Insulation>
          </Floor>
          <Floor>
            <SystemIdentifier id='Floor3'/>
            <ExteriorAdjacentTo>attic - vented</ExteriorAdjacentTo>
            <InteriorAdjacentTo>living space</InteriorAdjacentTo>
            <Area>1220.0</Area>
            <InteriorFinish>
              <Type dataSource='software'>gypsum board</Type>
              <Thickness dataSource='software'>0.5</Thickness>
            </InteriorFinish>
            <Insulation>
              <SystemIdentifier id='Floor3Insulation'/>
              <AssemblyEffectiveRValue>31.6</AssemblyEffectiveRValue>
            </Insulation>
          </Floor>
        </Floors>
        <Slabs>
          <Slab>
            <SystemIdentifier id='Slab1'/>
            <InteriorAdjacentTo>garage</InteriorAdjacentTo>
            <Area>288.0</Area>
            <Thickness dataSource='software'>4.0</Thickness>
            <ExposedPerimeter>48.0</ExposedPerimeter>
            <DepthBelowGrade>0.0</DepthBelowGrade>
            <PerimeterInsulation>
              <SystemIdentifier id='Slab1PerimeterInsulation'/>
              <Layer>
                <NominalRValue>0.0</NominalRValue>
                <InsulationDepth>0.0</InsulationDepth>
              </Layer>
            </PerimeterInsulation>
            <UnderSlabInsulation>
              <SystemIdentifier id='Slab1UnderSlabInsulation'/>
              <Layer>
                <NominalRValue>0.0</NominalRValue>
                <InsulationWidth>0.0</InsulationWidth>
              </Layer>
            </UnderSlabInsulation>
            <extension>
              <CarpetFraction dataSource='software'>0.0</CarpetFraction>
              <CarpetRValue dataSource='software'>0.0</CarpetRValue>
            </extension>
          </Slab>
          <Slab>
            <SystemIdentifier id='Slab2'/>
            <InteriorAdjacentTo>basement - unconditioned</InteriorAdjacentTo>
            <Area>1220.0</Area>
            <Thickness dataSource='software'>4.0</Thickness>
            <ExposedPerimeter>130.2</ExposedPerimeter>
            <PerimeterInsulation>
              <SystemIdentifier id='Slab2PerimeterInsulation'/>
              <Layer>
                <NominalRValue>0.0</NominalRValue>
                <InsulationDepth>0.0</InsulationDepth>
              </Layer>
            </PerimeterInsulation>
            <UnderSlabInsulation>
              <SystemIdentifier id='Slab2UnderSlabInsulation'/>
              <Layer>
                <NominalRValue>0.0</NominalRValue>
                <InsulationWidth>0.0</InsulationWidth>
              </Layer>
            </UnderSlabInsulation>
            <extension>
              <CarpetFraction dataSource='software'>0.0</CarpetFraction>
              <CarpetRValue dataSource='software'>0.0</CarpetRValue>
            </extension>
          </Slab>
        </Slabs>
        <Windows>
          <Window>
            <SystemIdentifier id='Window1'/>
            <Area>118.9</Area>
            <Azimuth>90</Azimuth>
            <Orientation dataSource='software'>east</Orientation>
            <UFactor>0.49</UFactor>
            <SHGC>0.56</SHGC>
            <ExteriorShading>
              <SystemIdentifier id='Window1ExteriorShading'/>
              <SummerShadingCoefficient dataSource='software'>1.0</SummerShadingCoefficient>
              <WinterShadingCoefficient dataSource='software'>1.0</WinterShadingCoefficient>
            </ExteriorShading>
            <InteriorShading>
              <SystemIdentifier id='Window1InteriorShading'/>
              <SummerShadingCoefficient>0.7</SummerShadingCoefficient>
              <WinterShadingCoefficient>0.85</WinterShadingCoefficient>
            </InteriorShading>
            <Overhangs>
              <Depth>2.0</Depth>
              <DistanceToTopOfWindow>1.0000000000000009</DistanceToTopOfWindow>
              <DistanceToBottomOfWindow>5.0</DistanceToBottomOfWindow>
            </Overhangs>
            <FractionOperable>0.67</FractionOperable>
            <AttachedToWall idref='Wall3'/>
          </Window>
          <Window>
            <SystemIdentifier id='Window11'/>
            <Area>37.3</Area>
            <Azimuth>180</Azimuth>
            <Orientation dataSource='software'>south</Orientation>
            <UFactor>0.49</UFactor>
            <SHGC>0.56</SHGC>
            <ExteriorShading>
              <SystemIdentifier id='Window11ExteriorShading'/>
              <SummerShadingCoefficient dataSource='software'>1.0</SummerShadingCoefficient>
              <WinterShadingCoefficient dataSource='software'>1.0</WinterShadingCoefficient>
            </ExteriorShading>
            <InteriorShading>
              <SystemIdentifier id='Window11InteriorShading'/>
              <SummerShadingCoefficient>0.7</SummerShadingCoefficient>
              <WinterShadingCoefficient>0.85</WinterShadingCoefficient>
            </InteriorShading>
            <Overhangs>
              <Depth>2.0</Depth>
              <DistanceToTopOfWindow>1.0000000000000009</DistanceToTopOfWindow>
              <DistanceToBottomOfWindow>4.5</DistanceToBottomOfWindow>
            </Overhangs>
            <FractionOperable>0.67</FractionOperable>
            <AttachedToWall idref='Wall4'/>
          </Window>
          <Window>
            <SystemIdentifier id='Window15'/>
            <Area>90.1</Area>
            <Azimuth>270</Azimuth>
            <Orientation dataSource='software'>west</Orientation>
            <UFactor>0.49</UFactor>
            <SHGC>0.56</SHGC>
            <ExteriorShading>
              <SystemIdentifier id='Window15ExteriorShading'/>
              <SummerShadingCoefficient dataSource='software'>1.0</SummerShadingCoefficient>
              <WinterShadingCoefficient dataSource='software'>1.0</WinterShadingCoefficient>
            </ExteriorShading>
            <InteriorShading>
              <SystemIdentifier id='Window15InteriorShading'/>
              <SummerShadingCoefficient>0.7</SummerShadingCoefficient>
              <WinterShadingCoefficient>0.85</WinterShadingCoefficient>
            </InteriorShading>
            <Overhangs>
              <Depth>2.0</Depth>
              <DistanceToTopOfWindow>1.0000000000000009</DistanceToTopOfWindow>
              <DistanceToBottomOfWindow>4.9</DistanceToBottomOfWindow>
            </Overhangs>
            <FractionOperable>0.67</FractionOperable>
            <AttachedToWall idref='Wall7'/>
          </Window>
          <Window>
            <SystemIdentifier id='Window23'/>
            <Area>66.1</Area>
            <Azimuth>0</Azimuth>
            <Orientation dataSource='software'>north</Orientation>
            <UFactor>0.49</UFactor>
            <SHGC>0.56</SHGC>
            <ExteriorShading>
              <SystemIdentifier id='Window23ExteriorShading'/>
              <SummerShadingCoefficient dataSource='software'>1.0</SummerShadingCoefficient>
              <WinterShadingCoefficient dataSource='software'>1.0</WinterShadingCoefficient>
            </ExteriorShading>
            <InteriorShading>
              <SystemIdentifier id='Window23InteriorShading'/>
              <SummerShadingCoefficient>0.7</SummerShadingCoefficient>
              <WinterShadingCoefficient>0.85</WinterShadingCoefficient>
            </InteriorShading>
            <Overhangs>
              <Depth>2.0</Depth>
              <DistanceToTopOfWindow>1.0000000000000009</DistanceToTopOfWindow>
              <DistanceToBottomOfWindow>4.8</DistanceToBottomOfWindow>
            </Overhangs>
            <FractionOperable>0.67</FractionOperable>
            <AttachedToWall idref='Wall10'/>
          </Window>
        </Windows>
        <Doors>
          <Door>
            <SystemIdentifier id='Door1'/>
            <AttachedToWall idref='Wall7'/>
            <Area>20.0</Area>
            <Azimuth>270</Azimuth>
            <Orientation dataSource='software'>west</Orientation>
            <RValue>5.0</RValue>
          </Door>
        </Doors>
        <extension>
          <PartitionWallMass>
            <AreaFraction dataSource='software'>1.0</AreaFraction>
            <InteriorFinish>
              <Type dataSource='software'>gypsum board</Type>
              <Thickness dataSource='software'>0.5</Thickness>
            </InteriorFinish>
          </PartitionWallMass>
          <FurnitureMass>
            <AreaFraction dataSource='software'>0.4</AreaFraction>
            <Type dataSource='software'>light-weight</Type>
          </FurnitureMass>
        </extension>
      </Enclosure>
      <Systems>
        <HVAC>
          <HVACPlant>
            <PrimarySystems>
              <PrimaryHeatingSystem idref='HeatingSystem1'/>
              <PrimaryCoolingSystem idref='CoolingSystem1'/>
            </PrimarySystems>
            <HeatingSystem>
              <SystemIdentifier id='HeatingSystem1'/>
              <DistributionSystem idref='HVACDistribution1'/>
              <HeatingSystemType>
                <Furnace/>
              </HeatingSystemType>
              <HeatingSystemFuel>natural gas</HeatingSystemFuel>
              <HeatingCapacity dataSource='software'>71836.0</HeatingCapacity>
              <AnnualHeatingEfficiency>
                <Units>AFUE</Units>
                <Value>0.76</Value>
              </AnnualHeatingEfficiency>
              <FractionHeatLoadServed>1.0</FractionHeatLoadServed>
              <extension>
                <FanPowerWattsPerCFM dataSource='software'>0.5</FanPowerWattsPerCFM>
                <AirflowDefectRatio dataSource='software'>0.0</AirflowDefectRatio>
                <HeatingAirflowCFM dataSource='software'>1346.0</HeatingAirflowCFM>
              </extension>
            </HeatingSystem>
            <CoolingSystem>
              <SystemIdentifier id='CoolingSystem1'/>
              <DistributionSystem idref='HVACDistribution1'/>
              <CoolingSystemType>central air conditioner</CoolingSystemType>
              <CoolingSystemFuel>electricity</CoolingSystemFuel>
              <CoolingCapacity dataSource='software'>42363.0</CoolingCapacity>
              <CompressorType dataSource='software'>single stage</CompressorType>
              <FractionCoolLoadServed>1.0</FractionCoolLoadServed>
              <AnnualCoolingEfficiency>
                <Units>SEER</Units>
                <Value>13.0</Value>
              </AnnualCoolingEfficiency>
              <SensibleHeatFraction dataSource='software'>0.73</SensibleHeatFraction>
              <extension>
                <AirflowDefectRatio dataSource='software'>0.0</AirflowDefectRatio>
                <ChargeDefectRatio dataSource='software'>0.0</ChargeDefectRatio>
                <FanPowerWattsPerCFM dataSource='software'>0.5</FanPowerWattsPerCFM>
                <CoolingAirflowCFM dataSource='software'>1762.0</CoolingAirflowCFM>
              </extension>
            </CoolingSystem>
            <extension>
              <DesignLoads dataSource='software'>
                <Heating>
                  <Total>71836.0</Total>
                  <Ducts>17724.0</Ducts>
                  <Windows>10143.0</Windows>
                  <Skylights>0.0</Skylights>
                  <Doors>265.0</Doors>
                  <Walls>11915.0</Walls>
                  <Roofs>0.0</Roofs>
                  <Floors>7578.0</Floors>
                  <Slabs>0.0</Slabs>
                  <Ceilings>2558.0</Ceilings>
                  <InfilVent>21654.0</InfilVent>
                </Heating>
                <CoolingSensible>
                  <Total>27884.0</Total>
                  <Ducts>2749.0</Ducts>
                  <Windows>9993.0</Windows>
                  <Skylights>0.0</Skylights>
                  <Doors>114.0</Doors>
                  <Walls>6201.0</Walls>
                  <Roofs>0.0</Roofs>
                  <Floors>1999.0</Floors>
                  <Slabs>0.0</Slabs>
                  <Ceilings>1640.0</Ceilings>
                  <InfilVent>2898.0</InfilVent>
                  <InternalGains>2290.0</InternalGains>
                </CoolingSensible>
                <CoolingLatent>
                  <Total>7488.0</Total>
                  <Ducts>2714.0</Ducts>
                  <InfilVent>4174.0</InfilVent>
                  <InternalGains>600.0</InternalGains>
                </CoolingLatent>
              </DesignLoads>
            </extension>
          </HVACPlant>
          <HVACControl>
            <SystemIdentifier id='HVACControl1'/>
            <HeatingSeason>
              <BeginMonth dataSource='software'>1</BeginMonth>
              <BeginDayOfMonth dataSource='software'>1</BeginDayOfMonth>
              <EndMonth dataSource='software'>12</EndMonth>
              <EndDayOfMonth dataSource='software'>31</EndDayOfMonth>
            </HeatingSeason>
            <CoolingSeason>
              <BeginMonth dataSource='software'>1</BeginMonth>
              <BeginDayOfMonth dataSource='software'>1</BeginDayOfMonth>
              <EndMonth dataSource='software'>12</EndMonth>
              <EndDayOfMonth dataSource='software'>31</EndDayOfMonth>
            </CoolingSeason>
            <extension>
              <CeilingFanSetpointTempCoolingSeasonOffset>0.0</CeilingFanSetpointTempCoolingSeasonOffset>
              <WeekdaySetpointTempsHeatingSeason>64.0, 64.0, 64.0, 64.0, 64.0, 64.0, 64.0, 67.0, 67.0, 64.0, 64.0, 64.0, 64.0, 64.0, 64.0, 64.0, 64.0, 67.0, 67.0, 67.0, 67.0, 67.0, 64.0, 64.0</WeekdaySetpointTempsHeatingSeason>
              <WeekendSetpointTempsHeatingSeason>64.0, 64.0, 64.0, 64.0, 64.0, 64.0, 64.0, 67.0, 67.0, 67.0, 67.0, 67.0, 67.0, 67.0, 67.0, 67.0, 67.0, 67.0, 67.0, 67.0, 67.0, 67.0, 64.0, 64.0</WeekendSetpointTempsHeatingSeason>
              <WeekdaySetpointTempsCoolingSeason>75.0, 75.0, 75.0, 75.0, 75.0, 75.0, 75.0, 75.0, 75.0, 75.0, 75.0, 75.0, 75.0, 75.0, 75.0, 75.0, 75.0, 75.0, 75.0, 75.0, 75.0, 75.0, 75.0, 75.0</WeekdaySetpointTempsCoolingSeason>
              <WeekendSetpointTempsCoolingSeason>75.0, 75.0, 75.0, 75.0, 75.0, 75.0, 75.0, 75.0, 75.0, 75.0, 75.0, 75.0, 75.0, 75.0, 75.0, 75.0, 75.0, 75.0, 75.0, 75.0, 75.0, 75.0, 75.0, 75.0</WeekendSetpointTempsCoolingSeason>
            </extension>
          </HVACControl>
          <HVACDistribution>
            <SystemIdentifier id='HVACDistribution1'/>
            <DistributionSystemType>
              <AirDistribution>
                <AirDistributionType>regular velocity</AirDistributionType>
                <DuctLeakageMeasurement>
                  <DuctType>supply</DuctType>
                  <DuctLeakage>
                    <Units>Percent</Units>
                    <Value>0.133</Value>
                    <TotalOrToOutside>to outside</TotalOrToOutside>
                  </DuctLeakage>
                </DuctLeakageMeasurement>
                <DuctLeakageMeasurement>
                  <DuctType>return</DuctType>
                  <DuctLeakage>
                    <Units>Percent</Units>
                    <Value>0.067</Value>
                    <TotalOrToOutside>to outside</TotalOrToOutside>
                  </DuctLeakage>
                </DuctLeakageMeasurement>
                <Ducts>
                  <DuctType>supply</DuctType>
                  <DuctInsulationRValue>0.0</DuctInsulationRValue>
                  <DuctLocation dataSource='software'>basement - unconditioned</DuctLocation>
                  <FractionDuctArea dataSource='software'>1.0</FractionDuctArea>
                  <DuctSurfaceArea dataSource='software'>329.40000000000003</DuctSurfaceArea>
                </Ducts>
                <Ducts>
                  <DuctType>return</DuctType>
                  <DuctInsulationRValue>0.0</DuctInsulationRValue>
                  <DuctLocation dataSource='software'>basement - unconditioned</DuctLocation>
                  <FractionDuctArea dataSource='software'>1.0</FractionDuctArea>
                  <DuctSurfaceArea dataSource='software'>61.0</DuctSurfaceArea>
                </Ducts>
                <NumberofReturnRegisters dataSource='software'>1</NumberofReturnRegisters>
              </AirDistribution>
            </DistributionSystemType>
            <ConditionedFloorAreaServed>1220.0</ConditionedFloorAreaServed>
          </HVACDistribution>
        </HVAC>
        <MechanicalVentilation>
          <VentilationFans>
            <VentilationFan>
              <SystemIdentifier id='VentilationFan1'/>
              <Quantity dataSource='software'>1</Quantity>
              <RatedFlowRate dataSource='software'>100.0</RatedFlowRate>
              <HoursInOperation dataSource='software'>1.0</HoursInOperation>
              <FanLocation>kitchen</FanLocation>
              <UsedForLocalVentilation>true</UsedForLocalVentilation>
              <FanPower dataSource='software'>30.0</FanPower>
              <extension>
                <StartHour>5</StartHour>
              </extension>
            </VentilationFan>
            <VentilationFan>
              <SystemIdentifier id='VentilationFan2'/>
              <Quantity dataSource='software'>1</Quantity>
              <RatedFlowRate dataSource='software'>50.0</RatedFlowRate>
              <HoursInOperation dataSource='software'>1.0</HoursInOperation>
              <FanLocation>bath</FanLocation>
              <UsedForLocalVentilation>true</UsedForLocalVentilation>
              <FanPower dataSource='software'>15.0</FanPower>
              <extension>
                <StartHour>4</StartHour>
              </extension>
            </VentilationFan>
          </VentilationFans>
        </MechanicalVentilation>
        <WaterHeating>
          <WaterHeatingSystem>
            <SystemIdentifier id='WaterHeatingSystem1'/>
            <FuelType>natural gas</FuelType>
            <WaterHeaterType>storage water heater</WaterHeaterType>
            <Location dataSource='software'>basement - unconditioned</Location>
            <IsSharedSystem dataSource='software'>false</IsSharedSystem>
            <TankVolume dataSource='software'>30.0</TankVolume>
            <FractionDHWLoadServed>1.0</FractionDHWLoadServed>
            <HeatingCapacity dataSource='software'>36000.0</HeatingCapacity>
            <EnergyFactor>0.59</EnergyFactor>
            <RecoveryEfficiency>0.76</RecoveryEfficiency>
            <HotWaterTemperature>125.0</HotWaterTemperature>
            <extension>
              <TankModelType dataSource='software'>mixed</TankModelType>
            </extension>
          </WaterHeatingSystem>
          <HotWaterDistribution>
            <SystemIdentifier id='HotWaterDistribution1'/>
            <SystemType>
              <Standard>
                <PipingLength dataSource='software'>84.85699678629192</PipingLength>
              </Standard>
            </SystemType>
            <PipeInsulation>
              <PipeRValue>0.0</PipeRValue>
            </PipeInsulation>
          </HotWaterDistribution>
          <WaterFixture>
            <SystemIdentifier id='WaterFixture1'/>
            <WaterFixtureType>shower head</WaterFixtureType>
            <LowFlow>false</LowFlow>
          </WaterFixture>
          <WaterFixture>
            <SystemIdentifier id='WaterFixture2'/>
            <WaterFixtureType>faucet</WaterFixtureType>
            <LowFlow>false</LowFlow>
          </WaterFixture>
          <extension>
            <WaterFixturesUsageMultiplier>1.0</WaterFixturesUsageMultiplier>
          </extension>
        </WaterHeating>
      </Systems>
      <Appliances>
        <ClothesWasher>
          <SystemIdentifier id='ClothesWasher1'/>
          <IsSharedAppliance dataSource='software'>false</IsSharedAppliance>
          <Location dataSource='software'>living space</Location>
          <IntegratedModifiedEnergyFactor>2.07</IntegratedModifiedEnergyFactor>
          <RatedAnnualkWh>123.0</RatedAnnualkWh>
          <LabelElectricRate>0.1065</LabelElectricRate>
          <LabelGasRate>1.218</LabelGasRate>
          <LabelAnnualGasCost>9.0</LabelAnnualGasCost>
          <LabelUsage>7.538462</LabelUsage>
          <Capacity>3.68</Capacity>
          <extension>
            <UsageMultiplier>1.0</UsageMultiplier>
          </extension>
        </ClothesWasher>
        <ClothesDryer>
          <SystemIdentifier id='ClothesDryer1'/>
          <IsSharedAppliance dataSource='software'>false</IsSharedAppliance>
          <Location dataSource='software'>living space</Location>
          <FuelType>natural gas</FuelType>
          <CombinedEnergyFactor>2.39</CombinedEnergyFactor>
          <Vented dataSource='software'>true</Vented>
          <VentedFlowRate dataSource='software'>100.0</VentedFlowRate>
          <extension>
            <UsageMultiplier>1.0</UsageMultiplier>
          </extension>
        </ClothesDryer>
        <Refrigerator>
          <SystemIdentifier id='Refrigerator1'/>
          <Location dataSource='software'>living space</Location>
          <RatedAnnualkWh>434.0</RatedAnnualkWh>
          <PrimaryIndicator>true</PrimaryIndicator>
          <extension>
            <UsageMultiplier>1.0</UsageMultiplier>
          </extension>
        </Refrigerator>
        <Refrigerator>
          <SystemIdentifier id='Refrigerator2'/>
          <Location dataSource='software'>garage</Location>
          <RatedAnnualkWh>434.0</RatedAnnualkWh>
          <PrimaryIndicator>false</PrimaryIndicator>
          <extension>
            <UsageMultiplier>1.0</UsageMultiplier>
          </extension>
        </Refrigerator>
        <Freezer>
          <SystemIdentifier id='Freezer1'/>
          <Location dataSource='software'>garage</Location>
          <RatedAnnualkWh>935.0</RatedAnnualkWh>
          <extension>
            <UsageMultiplier>0.342</UsageMultiplier>
          </extension>
        </Freezer>
        <CookingRange>
          <SystemIdentifier id='CookingRange1'/>
          <Location dataSource='software'>living space</Location>
          <FuelType>electricity</FuelType>
          <IsInduction>false</IsInduction>
          <extension>
            <UsageMultiplier>1.0</UsageMultiplier>
          </extension>
        </CookingRange>
        <Oven>
          <SystemIdentifier id='Oven1'/>
          <IsConvection dataSource='software'>false</IsConvection>
        </Oven>
      </Appliances>
      <Lighting>
        <LightingGroup>
          <SystemIdentifier id='LightingGroup1'/>
          <Location>interior</Location>
          <FractionofUnitsInLocation>1.0</FractionofUnitsInLocation>
          <LightingType>
            <CompactFluorescent/>
          </LightingType>
        </LightingGroup>
        <LightingGroup>
          <SystemIdentifier id='LightingGroup2'/>
          <Location>exterior</Location>
          <FractionofUnitsInLocation>1.0</FractionofUnitsInLocation>
          <LightingType>
            <CompactFluorescent/>
          </LightingType>
        </LightingGroup>
        <LightingGroup>
          <SystemIdentifier id='LightingGroup3'/>
          <Location>garage</Location>
          <FractionofUnitsInLocation>1.0</FractionofUnitsInLocation>
          <LightingType>
            <CompactFluorescent/>
          </LightingType>
        </LightingGroup>
        <LightingGroup>
          <SystemIdentifier id='LightingGroup4'/>
          <Location>interior</Location>
          <FractionofUnitsInLocation>0.0</FractionofUnitsInLocation>
          <LightingType>
            <FluorescentTube/>
          </LightingType>
        </LightingGroup>
        <LightingGroup>
          <SystemIdentifier id='LightingGroup5'/>
          <Location>exterior</Location>
          <FractionofUnitsInLocation>0.0</FractionofUnitsInLocation>
          <LightingType>
            <FluorescentTube/>
          </LightingType>
        </LightingGroup>
        <LightingGroup>
          <SystemIdentifier id='LightingGroup6'/>
          <Location>garage</Location>
          <FractionofUnitsInLocation>0.0</FractionofUnitsInLocation>
          <LightingType>
            <FluorescentTube/>
          </LightingType>
        </LightingGroup>
        <LightingGroup>
          <SystemIdentifier id='LightingGroup7'/>
          <Location>interior</Location>
          <FractionofUnitsInLocation>0.0</FractionofUnitsInLocation>
          <LightingType>
            <LightEmittingDiode/>
          </LightingType>
        </LightingGroup>
        <LightingGroup>
          <SystemIdentifier id='LightingGroup8'/>
          <Location>exterior</Location>
          <FractionofUnitsInLocation>0.0</FractionofUnitsInLocation>
          <LightingType>
            <LightEmittingDiode/>
          </LightingType>
        </LightingGroup>
        <LightingGroup>
          <SystemIdentifier id='LightingGroup9'/>
          <Location>garage</Location>
          <FractionofUnitsInLocation>0.0</FractionofUnitsInLocation>
          <LightingType>
            <LightEmittingDiode/>
          </LightingType>
        </LightingGroup>
        <CeilingFan>
          <SystemIdentifier id='CeilingFan1'/>
          <Airflow>
            <FanSpeed>medium</FanSpeed>
            <Efficiency>70.4</Efficiency>
          </Airflow>
          <Quantity>1</Quantity>
        </CeilingFan>
        <extension>
          <InteriorUsageMultiplier>1.0</InteriorUsageMultiplier>
          <GarageUsageMultiplier>1.0</GarageUsageMultiplier>
          <ExteriorUsageMultiplier>1.0</ExteriorUsageMultiplier>
        </extension>
      </Lighting>
      <MiscLoads>
        <PlugLoad>
          <SystemIdentifier id='PlugLoad1'/>
          <PlugLoadType>other</PlugLoadType>
          <Load>
            <Units>kWh/year</Units>
            <Value>1809.89</Value>
          </Load>
          <extension>
            <FracSensible>0.93</FracSensible>
            <FracLatent>0.021</FracLatent>
            <UsageMultiplier>0.95</UsageMultiplier>
          </extension>
        </PlugLoad>
      </MiscLoads>
    </BuildingDetails>
  </Building>
</HPXML>