<?xml version='1.0' encoding='UTF-8'?>
<HPXML xmlns='http://hpxmlonline.com/2019/10' xmlns:xsi='http://www.w3.org/2001/XMLSchema-instance' xsi:schemaLocation='http://hpxmlonline.com/2019/10' schemaVersion='4.0'>
  <XMLTransactionHeaderInformation>
    <XMLType>HPXML</XMLType>
    <XMLGeneratedBy>BuildResidentialHPXML</XMLGeneratedBy>
    <CreatedDateAndTime>2022-10-11T22:58:07-06:00</CreatedDateAndTime>
    <Transaction>create</Transaction>
  </XMLTransactionHeaderInformation>
  <SoftwareInfo>
    <SoftwareProgramUsed>ResStock</SoftwareProgramUsed>
    <SoftwareProgramVersion>2.6.0-beta</SoftwareProgramVersion>
    <extension>
      <OccupancyCalculationType>operational</OccupancyCalculationType>
      <SimulationControl>
        <Timestep>15</Timestep>
        <BeginMonth>1</BeginMonth>
        <BeginDayOfMonth>1</BeginDayOfMonth>
        <EndMonth>12</EndMonth>
        <EndDayOfMonth>31</EndDayOfMonth>
        <CalendarYear>2007</CalendarYear>
        <DaylightSaving>
          <Enabled>true</Enabled>
          <BeginMonth dataSource='software'>3</BeginMonth>
          <BeginDayOfMonth dataSource='software'>12</BeginDayOfMonth>
          <EndMonth dataSource='software'>11</EndMonth>
          <EndDayOfMonth dataSource='software'>5</EndDayOfMonth>
        </DaylightSaving>
      </SimulationControl>
      <HVACSizingControl>
        <AllowIncreasedFixedCapacities dataSource='software'>false</AllowIncreasedFixedCapacities>
      </HVACSizingControl>
      <SchedulesFilePath>/var/simdata/openstudio/run/schedules.csv</SchedulesFilePath>
      <AdditionalProperties>
        <ceiling_insulation_r>0</ceiling_insulation_r>
      </AdditionalProperties>
      <EmissionsScenarios>
        <EmissionsScenario>
          <Name>LRMER_MidCase_15_2025start</Name>
          <EmissionsType>CO2e</EmissionsType>
          <EmissionsFactor>
            <FuelType>electricity</FuelType>
            <Units>kg/MWh</Units>
            <ScheduleFilePath>/lib/resources/data/cambium/LRMER_MidCase_15_2025start/CAMXc.csv</ScheduleFilePath>
            <NumberofHeaderRows dataSource='software'>0</NumberofHeaderRows>
            <ColumnNumber dataSource='software'>1</ColumnNumber>
          </EmissionsFactor>
          <EmissionsFactor>
            <FuelType>natural gas</FuelType>
            <Units>lb/MBtu</Units>
            <Value>147.3</Value>
          </EmissionsFactor>
          <EmissionsFactor>
            <FuelType>propane</FuelType>
            <Units>lb/MBtu</Units>
            <Value>177.8</Value>
          </EmissionsFactor>
          <EmissionsFactor>
            <FuelType>fuel oil</FuelType>
            <Units>lb/MBtu</Units>
            <Value>195.9</Value>
          </EmissionsFactor>
          <EmissionsFactor>
            <FuelType>wood</FuelType>
            <Units>lb/MBtu</Units>
            <Value>200.0</Value>
          </EmissionsFactor>
        </EmissionsScenario>
        <EmissionsScenario>
          <Name>LRMER_LowRECost_15_2025start</Name>
          <EmissionsType>CO2e</EmissionsType>
          <EmissionsFactor>
            <FuelType>electricity</FuelType>
            <Units>kg/MWh</Units>
            <ScheduleFilePath>/lib/resources/data/cambium/LRMER_LowRECost_15_2025start/CAMXc.csv</ScheduleFilePath>
            <NumberofHeaderRows dataSource='software'>0</NumberofHeaderRows>
            <ColumnNumber dataSource='software'>1</ColumnNumber>
          </EmissionsFactor>
          <EmissionsFactor>
            <FuelType>natural gas</FuelType>
            <Units>lb/MBtu</Units>
            <Value>147.3</Value>
          </EmissionsFactor>
          <EmissionsFactor>
            <FuelType>propane</FuelType>
            <Units>lb/MBtu</Units>
            <Value>177.8</Value>
          </EmissionsFactor>
          <EmissionsFactor>
            <FuelType>fuel oil</FuelType>
            <Units>lb/MBtu</Units>
            <Value>195.9</Value>
          </EmissionsFactor>
          <EmissionsFactor>
            <FuelType>wood</FuelType>
            <Units>lb/MBtu</Units>
            <Value>200.0</Value>
          </EmissionsFactor>
        </EmissionsScenario>
        <EmissionsScenario>
          <Name>LRMER_95DecarbBy2035_15_2025start</Name>
          <EmissionsType>CO2e</EmissionsType>
          <EmissionsFactor>
            <FuelType>electricity</FuelType>
            <Units>kg/MWh</Units>
            <ScheduleFilePath>/lib/resources/data/cambium/LRMER_95DecarbBy2035_15_2025start/CAMXc.csv</ScheduleFilePath>
            <NumberofHeaderRows dataSource='software'>0</NumberofHeaderRows>
            <ColumnNumber dataSource='software'>1</ColumnNumber>
          </EmissionsFactor>
          <EmissionsFactor>
            <FuelType>natural gas</FuelType>
            <Units>lb/MBtu</Units>
            <Value>147.3</Value>
          </EmissionsFactor>
          <EmissionsFactor>
            <FuelType>propane</FuelType>
            <Units>lb/MBtu</Units>
            <Value>177.8</Value>
          </EmissionsFactor>
          <EmissionsFactor>
            <FuelType>fuel oil</FuelType>
            <Units>lb/MBtu</Units>
            <Value>195.9</Value>
          </EmissionsFactor>
          <EmissionsFactor>
            <FuelType>wood</FuelType>
            <Units>lb/MBtu</Units>
            <Value>200.0</Value>
          </EmissionsFactor>
        </EmissionsScenario>
        <EmissionsScenario>
          <Name>LRMER_LowRECost_25_2025start</Name>
          <EmissionsType>CO2e</EmissionsType>
          <EmissionsFactor>
            <FuelType>electricity</FuelType>
            <Units>kg/MWh</Units>
            <ScheduleFilePath>/lib/resources/data/cambium/LRMER_LowRECost_25_2025start/CAMXc.csv</ScheduleFilePath>
            <NumberofHeaderRows dataSource='software'>0</NumberofHeaderRows>
            <ColumnNumber dataSource='software'>1</ColumnNumber>
          </EmissionsFactor>
          <EmissionsFactor>
            <FuelType>natural gas</FuelType>
            <Units>lb/MBtu</Units>
            <Value>147.3</Value>
          </EmissionsFactor>
          <EmissionsFactor>
            <FuelType>propane</FuelType>
            <Units>lb/MBtu</Units>
            <Value>177.8</Value>
          </EmissionsFactor>
          <EmissionsFactor>
            <FuelType>fuel oil</FuelType>
            <Units>lb/MBtu</Units>
            <Value>195.9</Value>
          </EmissionsFactor>
          <EmissionsFactor>
            <FuelType>wood</FuelType>
            <Units>lb/MBtu</Units>
            <Value>200.0</Value>
          </EmissionsFactor>
        </EmissionsScenario>
      </EmissionsScenarios>
    </extension>
  </SoftwareInfo>
  <Building>
    <BuildingID id='MyBuilding'/>
    <Site>
      <SiteID id='SiteID'/>
      <Address>
        <StateCode>CA</StateCode>
        <ZipCode>92101</ZipCode>
      </Address>
      <TimeZone>
        <UTCOffset>-8.0</UTCOffset>
      </TimeZone>
    </Site>
    <ProjectStatus>
      <EventType>proposed workscope</EventType>
    </ProjectStatus>
    <BuildingDetails>
      <BuildingSummary>
        <Site>
          <SiteType dataSource='software'>suburban</SiteType>
          <Surroundings>attached on two sides</Surroundings>
          <VerticalSurroundings>unit above</VerticalSurroundings>
          <ShieldingofHome>normal</ShieldingofHome>
          <AzimuthOfFrontOfHome>315</AzimuthOfFrontOfHome>
          <extension>
            <Neighbors>
              <NeighborBuilding>
                <Orientation dataSource='software'>northeast</Orientation>
                <Azimuth>45</Azimuth>
                <Distance>12.0</Distance>
              </NeighborBuilding>
              <NeighborBuilding>
                <Orientation dataSource='software'>southwest</Orientation>
                <Azimuth>225</Azimuth>
                <Distance>12.0</Distance>
              </NeighborBuilding>
            </Neighbors>
          </extension>
        </Site>
        <BuildingOccupancy>
          <NumberofResidents>1.0</NumberofResidents>
        </BuildingOccupancy>
        <BuildingConstruction>
          <YearBuilt>1960</YearBuilt>
          <ResidentialFacilityType>apartment unit</ResidentialFacilityType>
          <NumberofConditionedFloors>1.0</NumberofConditionedFloors>
          <NumberofConditionedFloorsAboveGrade>1.0</NumberofConditionedFloorsAboveGrade>
          <AverageCeilingHeight>8.0</AverageCeilingHeight>
          <NumberofBedrooms>1</NumberofBedrooms>
          <NumberofBathrooms dataSource='software'>1</NumberofBathrooms>
          <ConditionedFloorArea>617.0</ConditionedFloorArea>
          <ConditionedBuildingVolume>4936.0</ConditionedBuildingVolume>
          <extension>
            <HasFlueOrChimney dataSource='software'>false</HasFlueOrChimney>
          </extension>
        </BuildingConstruction>
      </BuildingSummary>
      <ClimateandRiskZones>
        <ClimateZoneIECC>
          <Year>2006</Year>
          <ClimateZone>3B</ClimateZone>
        </ClimateZoneIECC>
        <WeatherStation>
          <SystemIdentifier id='WeatherStation'/>
          <Name>G0600730</Name>
          <extension>
            <EPWFilePath>../../../weather/G0600730.epw</EPWFilePath>
          </extension>
        </WeatherStation>
      </ClimateandRiskZones>
      <Enclosure>
        <AirInfiltration>
          <AirInfiltrationMeasurement>
            <SystemIdentifier id='AirInfiltrationMeasurement1'/>
            <HousePressure>50.0</HousePressure>
            <BuildingAirLeakage>
              <UnitofMeasure>ACH</UnitofMeasure>
              <AirLeakage>11.914893617021276</AirLeakage>
            </BuildingAirLeakage>
            <InfiltrationVolume>4936.0</InfiltrationVolume>
            <InfiltrationHeight dataSource='software'>8.0</InfiltrationHeight>
          </AirInfiltrationMeasurement>
        </AirInfiltration>
        <Attics>
          <Attic>
            <SystemIdentifier id='Attic1'/>
            <AtticType>
              <BelowApartment/>
            </AtticType>
          </Attic>
        </Attics>
        <Foundations>
          <Foundation>
            <SystemIdentifier id='Foundation1'/>
            <FoundationType>
              <SlabOnGrade/>
            </FoundationType>
            <AttachedToSlab idref='Slab1'/>
          </Foundation>
        </Foundations>
        <Walls>
          <Wall>
            <SystemIdentifier id='Wall1'/>
            <ExteriorAdjacentTo>outside</ExteriorAdjacentTo>
            <InteriorAdjacentTo>living space</InteriorAdjacentTo>
            <WallType>
              <WoodStud/>
            </WallType>
            <Area>148.1</Area>
            <Orientation dataSource='software'>southeast</Orientation>
            <Azimuth>135</Azimuth>
            <Siding>stucco</Siding>
            <Color>light</Color>
            <SolarAbsorptance dataSource='software'>0.5</SolarAbsorptance>
            <Emittance dataSource='software'>0.9</Emittance>
            <InteriorFinish>
              <Type dataSource='software'>gypsum board</Type>
              <Thickness dataSource='software'>0.5</Thickness>
            </InteriorFinish>
            <Insulation>
              <SystemIdentifier id='Wall1Insulation'/>
              <AssemblyEffectiveRValue>3.6</AssemblyEffectiveRValue>
            </Insulation>
          </Wall>
          <Wall>
            <SystemIdentifier id='Wall2'/>
            <ExteriorAdjacentTo>outside</ExteriorAdjacentTo>
            <InteriorAdjacentTo>living space</InteriorAdjacentTo>
            <WallType>
              <WoodStud/>
            </WallType>
            <Area>266.6</Area>
            <Orientation dataSource='software'>southwest</Orientation>
            <Azimuth>225</Azimuth>
            <Siding>stucco</Siding>
            <Color>light</Color>
            <SolarAbsorptance dataSource='software'>0.5</SolarAbsorptance>
            <Emittance dataSource='software'>0.9</Emittance>
            <InteriorFinish>
              <Type dataSource='software'>gypsum board</Type>
              <Thickness dataSource='software'>0.5</Thickness>
            </InteriorFinish>
            <Insulation>
              <SystemIdentifier id='Wall2Insulation'/>
              <AssemblyEffectiveRValue>3.6</AssemblyEffectiveRValue>
            </Insulation>
          </Wall>
          <Wall>
            <SystemIdentifier id='Wall3'/>
            <ExteriorAdjacentTo>other housing unit</ExteriorAdjacentTo>
            <InteriorAdjacentTo>living space</InteriorAdjacentTo>
            <WallType>
              <WoodStud/>
            </WallType>
            <Area>148.1</Area>
            <Orientation dataSource='software'>northwest</Orientation>
            <Azimuth>315</Azimuth>
            <Color>light</Color>
            <InteriorFinish>
              <Type dataSource='software'>gypsum board</Type>
              <Thickness dataSource='software'>0.5</Thickness>
            </InteriorFinish>
            <Insulation>
              <SystemIdentifier id='Wall3Insulation'/>
              <AssemblyEffectiveRValue>4.0</AssemblyEffectiveRValue>
            </Insulation>
          </Wall>
          <Wall>
            <SystemIdentifier id='Wall4'/>
            <ExteriorAdjacentTo>other housing unit</ExteriorAdjacentTo>
            <InteriorAdjacentTo>living space</InteriorAdjacentTo>
            <WallType>
              <WoodStud/>
            </WallType>
            <Area>266.6</Area>
            <Orientation dataSource='software'>northeast</Orientation>
            <Azimuth>45</Azimuth>
            <Color>light</Color>
            <InteriorFinish>
              <Type dataSource='software'>gypsum board</Type>
              <Thickness dataSource='software'>0.5</Thickness>
            </InteriorFinish>
            <Insulation>
              <SystemIdentifier id='Wall4Insulation'/>
              <AssemblyEffectiveRValue>4.0</AssemblyEffectiveRValue>
            </Insulation>
          </Wall>
        </Walls>
        <Floors>
          <Floor>
            <SystemIdentifier id='Floor1'/>
            <ExteriorAdjacentTo>other housing unit</ExteriorAdjacentTo>
            <InteriorAdjacentTo>living space</InteriorAdjacentTo>
            <Area>617.0</Area>
            <InteriorFinish>
              <Type dataSource='software'>gypsum board</Type>
              <Thickness dataSource='software'>0.5</Thickness>
            </InteriorFinish>
            <Insulation>
              <SystemIdentifier id='Floor1Insulation'/>
              <AssemblyEffectiveRValue>2.1</AssemblyEffectiveRValue>
            </Insulation>
            <extension>
              <OtherSpaceAboveOrBelow>above</OtherSpaceAboveOrBelow>
            </extension>
          </Floor>
        </Floors>
        <Slabs>
          <Slab>
            <SystemIdentifier id='Slab1'/>
            <InteriorAdjacentTo>living space</InteriorAdjacentTo>
            <Area>617.0</Area>
            <Thickness dataSource='software'>4.0</Thickness>
            <ExposedPerimeter>51.8</ExposedPerimeter>
            <DepthBelowGrade>0.0</DepthBelowGrade>
            <PerimeterInsulation>
              <SystemIdentifier id='Slab1PerimeterInsulation'/>
              <Layer>
                <NominalRValue>0.0</NominalRValue>
                <InsulationDepth>0.0</InsulationDepth>
              </Layer>
            </PerimeterInsulation>
            <UnderSlabInsulation>
              <SystemIdentifier id='Slab1UnderSlabInsulation'/>
              <Layer>
                <NominalRValue>0.0</NominalRValue>
                <InsulationWidth>0.0</InsulationWidth>
              </Layer>
            </UnderSlabInsulation>
            <extension>
              <CarpetFraction dataSource='software'>0.8</CarpetFraction>
              <CarpetRValue dataSource='software'>2.0</CarpetRValue>
            </extension>
          </Slab>
        </Slabs>
        <Windows>
          <Window>
            <SystemIdentifier id='Window1'/>
            <Area>17.8</Area>
            <Azimuth>135</Azimuth>
            <Orientation dataSource='software'>southeast</Orientation>
            <UFactor>0.76</UFactor>
            <SHGC>0.67</SHGC>
            <ExteriorShading>
              <SystemIdentifier id='Window1ExteriorShading'/>
              <SummerShadingCoefficient dataSource='software'>1.0</SummerShadingCoefficient>
              <WinterShadingCoefficient dataSource='software'>1.0</WinterShadingCoefficient>
            </ExteriorShading>
            <InteriorShading>
              <SystemIdentifier id='Window1InteriorShading'/>
              <SummerShadingCoefficient>0.7</SummerShadingCoefficient>
              <WinterShadingCoefficient>0.85</WinterShadingCoefficient>
            </InteriorShading>
            <Overhangs>
              <Depth>2.0</Depth>
              <DistanceToTopOfWindow>1.0</DistanceToTopOfWindow>
              <DistanceToBottomOfWindow>4.4</DistanceToBottomOfWindow>
            </Overhangs>
            <FractionOperable>0.67</FractionOperable>
            <AttachedToWall idref='Wall1'/>
          </Window>
          <Window>
            <SystemIdentifier id='Window3'/>
            <Area>32.0</Area>
            <Azimuth>225</Azimuth>
            <Orientation dataSource='software'>southwest</Orientation>
            <UFactor>0.76</UFactor>
            <SHGC>0.67</SHGC>
            <ExteriorShading>
              <SystemIdentifier id='Window3ExteriorShading'/>
              <SummerShadingCoefficient dataSource='software'>1.0</SummerShadingCoefficient>
              <WinterShadingCoefficient dataSource='software'>1.0</WinterShadingCoefficient>
            </ExteriorShading>
            <InteriorShading>
              <SystemIdentifier id='Window3InteriorShading'/>
              <SummerShadingCoefficient>0.7</SummerShadingCoefficient>
              <WinterShadingCoefficient>0.85</WinterShadingCoefficient>
            </InteriorShading>
            <Overhangs>
              <Depth>2.0</Depth>
              <DistanceToTopOfWindow>1.0</DistanceToTopOfWindow>
              <DistanceToBottomOfWindow>4.8</DistanceToBottomOfWindow>
            </Overhangs>
            <FractionOperable>0.67</FractionOperable>
            <AttachedToWall idref='Wall2'/>
          </Window>
        </Windows>
        <extension>
          <PartitionWallMass>
            <AreaFraction dataSource='software'>1.0</AreaFraction>
            <InteriorFinish>
              <Type dataSource='software'>gypsum board</Type>
              <Thickness dataSource='software'>0.5</Thickness>
            </InteriorFinish>
          </PartitionWallMass>
          <FurnitureMass>
            <AreaFraction dataSource='software'>0.4</AreaFraction>
            <Type dataSource='software'>light-weight</Type>
          </FurnitureMass>
        </extension>
      </Enclosure>
      <Systems>
        <HVAC>
          <HVACPlant>
            <PrimarySystems>
              <PrimaryHeatingSystem idref='HeatingSystem1'/>
              <PrimaryCoolingSystem idref='CoolingSystem1'/>
            </PrimarySystems>
            <HeatingSystem>
              <SystemIdentifier id='HeatingSystem1'/>
              <DistributionSystem idref='HVACDistribution1'/>
              <HeatingSystemType>
                <Furnace/>
              </HeatingSystemType>
              <HeatingSystemFuel>electricity</HeatingSystemFuel>
              <HeatingCapacity dataSource='software'>8745.0</HeatingCapacity>
              <AnnualHeatingEfficiency>
                <Units>AFUE</Units>
                <Value>1.0</Value>
              </AnnualHeatingEfficiency>
              <FractionHeatLoadServed>1.0</FractionHeatLoadServed>
              <extension>
                <FanPowerWattsPerCFM dataSource='software'>0.375</FanPowerWattsPerCFM>
                <AirflowDefectRatio dataSource='software'>0.0</AirflowDefectRatio>
                <HeatingAirflowCFM dataSource='software'>161.0</HeatingAirflowCFM>
              </extension>
            </HeatingSystem>
            <CoolingSystem>
              <SystemIdentifier id='CoolingSystem1'/>
              <CoolingSystemType>room air conditioner</CoolingSystemType>
              <CoolingSystemFuel>electricity</CoolingSystemFuel>
              <CoolingCapacity dataSource='software'>6502.0</CoolingCapacity>
              <FractionCoolLoadServed>1.0</FractionCoolLoadServed>
              <AnnualCoolingEfficiency>
                <Units>EER</Units>
                <Value>12.0</Value>
              </AnnualCoolingEfficiency>
              <SensibleHeatFraction dataSource='software'>0.65</SensibleHeatFraction>
              <extension>
                <CoolingAirflowCFM dataSource='software'>169.0</CoolingAirflowCFM>
              </extension>
            </CoolingSystem>
            <extension>
              <DesignLoads dataSource='software'>
                <Heating>
                  <Total>8745.0</Total>
                  <Ducts>736.0</Ducts>
                  <Windows>1084.0</Windows>
                  <Skylights>0.0</Skylights>
                  <Doors>0.0</Doors>
                  <Walls>2903.0</Walls>
                  <Roofs>0.0</Roofs>
                  <Floors>0.0</Floors>
                  <Slabs>2104.0</Slabs>
                  <Ceilings>0.0</Ceilings>
                  <InfilVent>1918.0</InfilVent>
                </Heating>
                <CoolingSensible>
                  <Total>6125.0</Total>
                  <Ducts>0.0</Ducts>
                  <Windows>1943.0</Windows>
                  <Skylights>0.0</Skylights>
                  <Doors>0.0</Doors>
                  <Walls>1683.0</Walls>
                  <Roofs>0.0</Roofs>
                  <Floors>0.0</Floors>
                  <Slabs>0.0</Slabs>
                  <Ceilings>0.0</Ceilings>
                  <InfilVent>439.0</InfilVent>
                  <InternalGains>2060.0</InternalGains>
                </CoolingSensible>
                <CoolingLatent>
                  <Total>301.0</Total>
                  <Ducts>0.0</Ducts>
                  <InfilVent>-99.0</InfilVent>
                  <InternalGains>400.0</InternalGains>
                </CoolingLatent>
              </DesignLoads>
            </extension>
          </HVACPlant>
          <HVACControl>
            <SystemIdentifier id='HVACControl1'/>
            <HeatingSeason>
              <BeginMonth dataSource='software'>1</BeginMonth>
              <BeginDayOfMonth dataSource='software'>1</BeginDayOfMonth>
              <EndMonth dataSource='software'>12</EndMonth>
              <EndDayOfMonth dataSource='software'>31</EndDayOfMonth>
            </HeatingSeason>
            <CoolingSeason>
              <BeginMonth dataSource='software'>1</BeginMonth>
              <BeginDayOfMonth dataSource='software'>1</BeginDayOfMonth>
              <EndMonth dataSource='software'>12</EndMonth>
              <EndDayOfMonth dataSource='software'>31</EndDayOfMonth>
            </CoolingSeason>
            <extension>
              <CeilingFanSetpointTempCoolingSeasonOffset>0.0</CeilingFanSetpointTempCoolingSeasonOffset>
              <WeekdaySetpointTempsHeatingSeason>77.0, 77.0, 77.0, 77.0, 77.0, 80.0, 80.0, 80.0, 80.0, 80.0, 80.0, 80.0, 80.0, 80.0, 80.0, 80.0, 80.0, 80.0, 80.0, 80.0, 77.0, 77.0, 77.0, 77.0</WeekdaySetpointTempsHeatingSeason>
              <WeekendSetpointTempsHeatingSeason>77.0, 77.0, 77.0, 77.0, 77.0, 80.0, 80.0, 80.0, 80.0, 80.0, 80.0, 80.0, 80.0, 80.0, 80.0, 80.0, 80.0, 80.0, 80.0, 80.0, 77.0, 77.0, 77.0, 77.0</WeekendSetpointTempsHeatingSeason>
              <WeekdaySetpointTempsCoolingSeason>70.0, 70.0, 70.0, 70.0, 70.0, 70.0, 70.0, 70.0, 70.0, 70.0, 70.0, 70.0, 70.0, 70.0, 70.0, 70.0, 70.0, 70.0, 70.0, 70.0, 70.0, 70.0, 70.0, 70.0</WeekdaySetpointTempsCoolingSeason>
              <WeekendSetpointTempsCoolingSeason>70.0, 70.0, 70.0, 70.0, 70.0, 70.0, 70.0, 70.0, 70.0, 70.0, 70.0, 70.0, 70.0, 70.0, 70.0, 70.0, 70.0, 70.0, 70.0, 70.0, 70.0, 70.0, 70.0, 70.0</WeekendSetpointTempsCoolingSeason>
            </extension>
          </HVACControl>
          <HVACDistribution>
            <SystemIdentifier id='HVACDistribution1'/>
            <DistributionSystemType>
              <AirDistribution>
                <AirDistributionType>regular velocity</AirDistributionType>
                <DuctLeakageMeasurement>
                  <DuctType>supply</DuctType>
                  <DuctLeakage>
                    <Units>Percent</Units>
                    <Value>0.067</Value>
                    <TotalOrToOutside>to outside</TotalOrToOutside>
                  </DuctLeakage>
                </DuctLeakageMeasurement>
                <DuctLeakageMeasurement>
                  <DuctType>return</DuctType>
                  <DuctLeakage>
                    <Units>Percent</Units>
                    <Value>0.033</Value>
                    <TotalOrToOutside>to outside</TotalOrToOutside>
                  </DuctLeakage>
                </DuctLeakageMeasurement>
                <Ducts>
                  <DuctType>supply</DuctType>
                  <DuctInsulationRValue>4.0</DuctInsulationRValue>
                  <DuctLocation dataSource='software'>living space</DuctLocation>
                  <FractionDuctArea dataSource='software'>1.0</FractionDuctArea>
                  <DuctSurfaceArea dataSource='software'>166.59</DuctSurfaceArea>
                </Ducts>
                <Ducts>
                  <DuctType>return</DuctType>
                  <DuctInsulationRValue>4.0</DuctInsulationRValue>
                  <DuctLocation dataSource='software'>living space</DuctLocation>
                  <FractionDuctArea dataSource='software'>1.0</FractionDuctArea>
                  <DuctSurfaceArea dataSource='software'>30.85</DuctSurfaceArea>
                </Ducts>
                <NumberofReturnRegisters dataSource='software'>1</NumberofReturnRegisters>
              </AirDistribution>
            </DistributionSystemType>
            <ConditionedFloorAreaServed>617.0</ConditionedFloorAreaServed>
          </HVACDistribution>
        </HVAC>
        <MechanicalVentilation>
          <VentilationFans>
            <VentilationFan>
              <SystemIdentifier id='VentilationFan1'/>
              <Quantity dataSource='software'>1</Quantity>
              <RatedFlowRate dataSource='software'>100.0</RatedFlowRate>
              <HoursInOperation dataSource='software'>1.0</HoursInOperation>
              <FanLocation>kitchen</FanLocation>
              <UsedForLocalVentilation>true</UsedForLocalVentilation>
              <FanPower dataSource='software'>30.0</FanPower>
              <extension>
                <StartHour>16</StartHour>
              </extension>
            </VentilationFan>
            <VentilationFan>
              <SystemIdentifier id='VentilationFan2'/>
              <Quantity dataSource='software'>1</Quantity>
              <RatedFlowRate dataSource='software'>50.0</RatedFlowRate>
              <HoursInOperation dataSource='software'>1.0</HoursInOperation>
              <FanLocation>bath</FanLocation>
              <UsedForLocalVentilation>true</UsedForLocalVentilation>
              <FanPower dataSource='software'>15.0</FanPower>
              <extension>
                <StartHour>3</StartHour>
              </extension>
            </VentilationFan>
          </VentilationFans>
        </MechanicalVentilation>
        <WaterHeating>
          <WaterHeatingSystem>
            <SystemIdentifier id='WaterHeatingSystem1'/>
            <FuelType>electricity</FuelType>
            <WaterHeaterType>storage water heater</WaterHeaterType>
            <Location dataSource='software'>living space</Location>
            <IsSharedSystem dataSource='software'>false</IsSharedSystem>
            <TankVolume dataSource='software'>30.0</TankVolume>
            <FractionDHWLoadServed>1.0</FractionDHWLoadServed>
            <HeatingCapacity dataSource='software'>8530.0</HeatingCapacity>
            <EnergyFactor>0.92</EnergyFactor>
            <RecoveryEfficiency dataSource='software'>0.98</RecoveryEfficiency>
            <HotWaterTemperature>125.0</HotWaterTemperature>
            <extension>
              <TankModelType dataSource='software'>mixed</TankModelType>
            </extension>
          </WaterHeatingSystem>
          <HotWaterDistribution>
            <SystemIdentifier id='HotWaterDistribution1'/>
            <SystemType>
              <Standard>
                <PipingLength dataSource='software'>59.678969393496885</PipingLength>
              </Standard>
            </SystemType>
            <PipeInsulation>
              <PipeRValue>0.0</PipeRValue>
            </PipeInsulation>
          </HotWaterDistribution>
          <WaterFixture>
            <SystemIdentifier id='WaterFixture1'/>
            <WaterFixtureType>shower head</WaterFixtureType>
            <LowFlow>false</LowFlow>
          </WaterFixture>
          <WaterFixture>
            <SystemIdentifier id='WaterFixture2'/>
            <WaterFixtureType>faucet</WaterFixtureType>
            <LowFlow>false</LowFlow>
          </WaterFixture>
          <extension>
            <WaterFixturesUsageMultiplier>2.0</WaterFixturesUsageMultiplier>
          </extension>
        </WaterHeating>
      </Systems>
      <Appliances>
        <Refrigerator>
          <SystemIdentifier id='Refrigerator1'/>
          <Location dataSource='software'>living space</Location>
          <RatedAnnualkWh>434.0</RatedAnnualkWh>
          <PrimaryIndicator dataSource='software'>true</PrimaryIndicator>
          <extension>
            <UsageMultiplier>1.0</UsageMultiplier>
          </extension>
        </Refrigerator>
        <CookingRange>
          <SystemIdentifier id='CookingRange1'/>
          <Location dataSource='software'>living space</Location>
          <FuelType>electricity</FuelType>
          <IsInduction>false</IsInduction>
          <extension>
            <UsageMultiplier>1.2</UsageMultiplier>
          </extension>
        </CookingRange>
        <Oven>
          <SystemIdentifier id='Oven1'/>
          <IsConvection dataSource='software'>false</IsConvection>
        </Oven>
      </Appliances>
      <Lighting>
        <LightingGroup>
          <SystemIdentifier id='LightingGroup1'/>
          <Location>interior</Location>
          <FractionofUnitsInLocation>0.0</FractionofUnitsInLocation>
          <LightingType>
            <CompactFluorescent/>
          </LightingType>
        </LightingGroup>
        <LightingGroup>
          <SystemIdentifier id='LightingGroup2'/>
          <Location>exterior</Location>
          <FractionofUnitsInLocation>0.0</FractionofUnitsInLocation>
          <LightingType>
            <CompactFluorescent/>
          </LightingType>
        </LightingGroup>
        <LightingGroup>
          <SystemIdentifier id='LightingGroup3'/>
          <Location>garage</Location>
          <FractionofUnitsInLocation>0.0</FractionofUnitsInLocation>
          <LightingType>
            <CompactFluorescent/>
          </LightingType>
        </LightingGroup>
        <LightingGroup>
          <SystemIdentifier id='LightingGroup4'/>
          <Location>interior</Location>
          <FractionofUnitsInLocation>0.0</FractionofUnitsInLocation>
          <LightingType>
            <FluorescentTube/>
          </LightingType>
        </LightingGroup>
        <LightingGroup>
          <SystemIdentifier id='LightingGroup5'/>
          <Location>exterior</Location>
          <FractionofUnitsInLocation>0.0</FractionofUnitsInLocation>
          <LightingType>
            <FluorescentTube/>
          </LightingType>
        </LightingGroup>
        <LightingGroup>
          <SystemIdentifier id='LightingGroup6'/>
          <Location>garage</Location>
          <FractionofUnitsInLocation>0.0</FractionofUnitsInLocation>
          <LightingType>
            <FluorescentTube/>
          </LightingType>
        </LightingGroup>
        <LightingGroup>
          <SystemIdentifier id='LightingGroup7'/>
          <Location>interior</Location>
          <FractionofUnitsInLocation>1.0</FractionofUnitsInLocation>
          <LightingType>
            <LightEmittingDiode/>
          </LightingType>
        </LightingGroup>
        <LightingGroup>
          <SystemIdentifier id='LightingGroup8'/>
          <Location>exterior</Location>
          <FractionofUnitsInLocation>1.0</FractionofUnitsInLocation>
          <LightingType>
            <LightEmittingDiode/>
          </LightingType>
        </LightingGroup>
        <LightingGroup>
          <SystemIdentifier id='LightingGroup9'/>
          <Location>garage</Location>
          <FractionofUnitsInLocation>1.0</FractionofUnitsInLocation>
          <LightingType>
            <LightEmittingDiode/>
          </LightingType>
        </LightingGroup>
        <CeilingFan>
          <SystemIdentifier id='CeilingFan1'/>
          <Airflow>
            <FanSpeed>medium</FanSpeed>
            <Efficiency>70.4</Efficiency>
          </Airflow>
          <Quantity>1</Quantity>
        </CeilingFan>
        <extension>
          <InteriorUsageMultiplier>1.0</InteriorUsageMultiplier>
          <GarageUsageMultiplier>1.0</GarageUsageMultiplier>
          <ExteriorUsageMultiplier>1.0</ExteriorUsageMultiplier>
        </extension>
      </Lighting>
      <MiscLoads>
        <PlugLoad>
          <SystemIdentifier id='PlugLoad1'/>
          <PlugLoadType>other</PlugLoadType>
          <Load>
            <Units>kWh/year</Units>
            <Value>1293.79</Value>
          </Load>
          <extension>
            <FracSensible>0.93</FracSensible>
            <FracLatent>0.021</FracLatent>
            <UsageMultiplier>1.86</UsageMultiplier>
          </extension>
        </PlugLoad>
      </MiscLoads>
    </BuildingDetails>
  </Building>
</HPXML>